path,y_true,y_pred,prob_defective,threshold,true_name,pred_name
E:\DL-Projects\EL-DSLR-Benchmarking\Cells-labelled\Normal\cell_104.png,0,0,0.58451885,0.6336179375648499,Normal,Normal
E:\DL-Projects\EL-DSLR-Benchmarking\Cells-labelled\Normal\cell_106.png,0,0,0.41674295,0.6336179375648499,Normal,Normal
E:\DL-Projects\EL-DSLR-Benchmarking\Cells-labelled\Normal\cell_107.png,0,0,0.59209245,0.6336179375648499,Normal,Normal
E:\DL-Projects\EL-DSLR-Benchmarking\Cells-labelled\Normal\cell_110.png,0,1,0.6539208,0.6336179375648499,Normal,Defective
E:\DL-Projects\EL-DSLR-Benchmarking\Cells-labelled\Normal\cell_112.png,0,0,0.6172025,0.6336179375648499,Normal,Normal
E:\DL-Projects\EL-DSLR-Benchmarking\Cells-labelled\Normal\cell_116.png,0,1,0.6488682,0.6336179375648499,Normal,Defective
E:\DL-Projects\EL-DSLR-Benchmarking\Cells-labelled\Normal\cell_118.png,0,0,0.5670381,0.6336179375648499,Normal,Normal
E:\DL-Projects\EL-DSLR-Benchmarking\Cells-labelled\Normal\cell_127.png,0,1,0.6550557,0.6336179375648499,Normal,Defective
E:\DL-Projects\EL-DSLR-Benchmarking\Cells-labelled\Normal\cell_128.png,0,0,0.5824496,0.6336179375648499,Normal,Normal
E:\DL-Projects\EL-DSLR-Benchmarking\Cells-labelled\Normal\cell_132.png,0,1,0.67428887,0.6336179375648499,Normal,Defective
E:\DL-Projects\EL-DSLR-Benchmarking\Cells-labelled\Normal\cell_137.png,0,0,0.5718642,0.6336179375648499,Normal,Normal
E:\DL-Projects\EL-DSLR-Benchmarking\Cells-labelled\Normal\cell_139.png,0,0,0.52366626,0.6336179375648499,Normal,Normal
E:\DL-Projects\EL-DSLR-Benchmarking\Cells-labelled\Normal\cell_144.png,0,0,0.5277539,0.6336179375648499,Normal,Normal
E:\DL-Projects\EL-DSLR-Benchmarking\Cells-labelled\Normal\cell_18.png,0,0,0.5285216,0.6336179375648499,Normal,Normal
E:\DL-Projects\EL-DSLR-Benchmarking\Cells-labelled\Normal\cell_29.png,0,0,0.52290404,0.6336179375648499,Normal,Normal
E:\DL-Projects\EL-DSLR-Benchmarking\Cells-labelled\Normal\cell_30.png,0,0,0.5863337,0.6336179375648499,Normal,Normal
E:\DL-Projects\EL-DSLR-Benchmarking\Cells-labelled\Normal\cell_32.png,0,1,0.6412973,0.6336179375648499,Normal,Defective
E:\DL-Projects\EL-DSLR-Benchmarking\Cells-labelled\Normal\cell_34.png,0,0,0.52670985,0.6336179375648499,Normal,Normal
E:\DL-Projects\EL-DSLR-Benchmarking\Cells-labelled\Normal\cell_35.png,0,0,0.5370206,0.6336179375648499,Normal,Normal
E:\DL-Projects\EL-DSLR-Benchmarking\Cells-labelled\Normal\cell_38.png,0,0,0.468122,0.6336179375648499,Normal,Normal
E:\DL-Projects\EL-DSLR-Benchmarking\Cells-labelled\Normal\cell_42.png,0,1,0.68246377,0.6336179375648499,Normal,Defective
E:\DL-Projects\EL-DSLR-Benchmarking\Cells-labelled\Normal\cell_47.png,0,0,0.35095164,0.6336179375648499,Normal,Normal
E:\DL-Projects\EL-DSLR-Benchmarking\Cells-labelled\Normal\cell_48.png,0,0,0.44175956,0.6336179375648499,Normal,Normal
E:\DL-Projects\EL-DSLR-Benchmarking\Cells-labelled\Normal\cell_53.png,0,0,0.3328094,0.6336179375648499,Normal,Normal
E:\DL-Projects\EL-DSLR-Benchmarking\Cells-labelled\Normal\cell_55.png,0,0,0.31332573,0.6336179375648499,Normal,Normal
E:\DL-Projects\EL-DSLR-Benchmarking\Cells-labelled\Normal\cell_57.png,0,0,0.55200785,0.6336179375648499,Normal,Normal
E:\DL-Projects\EL-DSLR-Benchmarking\Cells-labelled\Normal\cell_6.png,0,0,0.55019116,0.6336179375648499,Normal,Normal
E:\DL-Projects\EL-DSLR-Benchmarking\Cells-labelled\Normal\cell_61.png,0,0,0.30949676,0.6336179375648499,Normal,Normal
E:\DL-Projects\EL-DSLR-Benchmarking\Cells-labelled\Normal\cell_62.png,0,0,0.21136902,0.6336179375648499,Normal,Normal
E:\DL-Projects\EL-DSLR-Benchmarking\Cells-labelled\Normal\cell_67.png,0,0,0.39313817,0.6336179375648499,Normal,Normal
E:\DL-Projects\EL-DSLR-Benchmarking\Cells-labelled\Normal\cell_7.png,0,0,0.5001542,0.6336179375648499,Normal,Normal
E:\DL-Projects\EL-DSLR-Benchmarking\Cells-labelled\Normal\cell_72.png,0,0,0.45301136,0.6336179375648499,Normal,Normal
E:\DL-Projects\EL-DSLR-Benchmarking\Cells-labelled\Normal\cell_78.png,0,0,0.47989145,0.6336179375648499,Normal,Normal
E:\DL-Projects\EL-DSLR-Benchmarking\Cells-labelled\Normal\cell_79.png,0,0,0.57572913,0.6336179375648499,Normal,Normal
E:\DL-Projects\EL-DSLR-Benchmarking\Cells-labelled\Normal\cell_8.png,0,0,0.56608313,0.6336179375648499,Normal,Normal
E:\DL-Projects\EL-DSLR-Benchmarking\Cells-labelled\Normal\cell_81.png,0,0,0.58063936,0.6336179375648499,Normal,Normal
E:\DL-Projects\EL-DSLR-Benchmarking\Cells-labelled\Normal\cell_85.png,0,0,0.5707171,0.6336179375648499,Normal,Normal
E:\DL-Projects\EL-DSLR-Benchmarking\Cells-labelled\Normal\cell_9.png,0,0,0.5602409,0.6336179375648499,Normal,Normal
E:\DL-Projects\EL-DSLR-Benchmarking\Cells-labelled\Normal\cell_93.png,0,1,0.7486897,0.6336179375648499,Normal,Defective
E:\DL-Projects\EL-DSLR-Benchmarking\Cells-labelled\Normal\cell_97.png,0,0,0.5431228,0.6336179375648499,Normal,Normal
E:\DL-Projects\EL-DSLR-Benchmarking\Cells-labelled\Normal\cell_99.png,0,0,0.54905224,0.6336179375648499,Normal,Normal
E:\DL-Projects\EL-DSLR-Benchmarking\Cells-labelled\Defective\cell_1.png,1,0,0.5728099,0.6336179375648499,Defective,Normal
E:\DL-Projects\EL-DSLR-Benchmarking\Cells-labelled\Defective\cell_16.png,1,1,0.6543115,0.6336179375648499,Defective,Defective
E:\DL-Projects\EL-DSLR-Benchmarking\Cells-labelled\Defective\cell_24.png,1,1,0.67470735,0.6336179375648499,Defective,Defective
E:\DL-Projects\EL-DSLR-Benchmarking\Cells-labelled\Defective\cell_46.png,1,0,0.46831807,0.6336179375648499,Defective,Normal
E:\DL-Projects\EL-DSLR-Benchmarking\Cells-labelled\Defective\cell_51.png,1,1,0.84139615,0.6336179375648499,Defective,Defective
E:\DL-Projects\EL-DSLR-Benchmarking\Cells-labelled\Defective\cell_80.png,1,1,0.6837266,0.6336179375648499,Defective,Defective
E:\DL-Projects\EL-DSLR-Benchmarking\Cells-labelled\Defective\cell_96.png,1,1,0.7423758,0.6336179375648499,Defective,Defective
