path,filename,label_name,label
E:\DL-Projects\EL-DSLR-Benchmarking\Cells-labelled\Normal\cell_38.png,cell_38.png,Normal,0
E:\DL-Projects\EL-DSLR-Benchmarking\Cells-labelled\Defective\cell_95.png,cell_95.png,Defective,1
E:\DL-Projects\EL-DSLR-Benchmarking\Cells-labelled\Normal\cell_104.png,cell_104.png,Normal,0
E:\DL-Projects\EL-DSLR-Benchmarking\Cells-labelled\Normal\cell_32.png,cell_32.png,Normal,0
E:\DL-Projects\EL-DSLR-Benchmarking\Cells-labelled\Normal\cell_110.png,cell_110.png,Normal,0
E:\DL-Projects\EL-DSLR-Benchmarking\Cells-labelled\Normal\cell_85.png,cell_85.png,Normal,0
E:\DL-Projects\EL-DSLR-Benchmarking\Cells-labelled\Normal\cell_93.png,cell_93.png,Normal,0
E:\DL-Projects\EL-DSLR-Benchmarking\Cells-labelled\Normal\cell_71.png,cell_71.png,Normal,0
E:\DL-Projects\EL-DSLR-Benchmarking\Cells-labelled\Normal\cell_62.png,cell_62.png,Normal,0
E:\DL-Projects\EL-DSLR-Benchmarking\Cells-labelled\Normal\cell_125.png,cell_125.png,Normal,0
E:\DL-Projects\EL-DSLR-Benchmarking\Cells-labelled\Normal\cell_137.png,cell_137.png,Normal,0
E:\DL-Projects\EL-DSLR-Benchmarking\Cells-labelled\Normal\cell_116.png,cell_116.png,Normal,0
E:\DL-Projects\EL-DSLR-Benchmarking\Cells-labelled\Normal\cell_109.png,cell_109.png,Normal,0
E:\DL-Projects\EL-DSLR-Benchmarking\Cells-labelled\Defective\cell_1.png,cell_1.png,Defective,1
E:\DL-Projects\EL-DSLR-Benchmarking\Cells-labelled\Normal\cell_37.png,cell_37.png,Normal,0
E:\DL-Projects\EL-DSLR-Benchmarking\Cells-labelled\Normal\cell_113.png,cell_113.png,Normal,0
E:\DL-Projects\EL-DSLR-Benchmarking\Cells-labelled\Normal\cell_94.png,cell_94.png,Normal,0
E:\DL-Projects\EL-DSLR-Benchmarking\Cells-labelled\Defective\cell_11.png,cell_11.png,Defective,1
E:\DL-Projects\EL-DSLR-Benchmarking\Cells-labelled\Normal\cell_29.png,cell_29.png,Normal,0
E:\DL-Projects\EL-DSLR-Benchmarking\Cells-labelled\Normal\cell_4.png,cell_4.png,Normal,0
E:\DL-Projects\EL-DSLR-Benchmarking\Cells-labelled\Normal\cell_139.png,cell_139.png,Normal,0
E:\DL-Projects\EL-DSLR-Benchmarking\Cells-labelled\Defective\cell_83.png,cell_83.png,Defective,1
E:\DL-Projects\EL-DSLR-Benchmarking\Cells-labelled\Normal\cell_97.png,cell_97.png,Normal,0
E:\DL-Projects\EL-DSLR-Benchmarking\Cells-labelled\Normal\cell_26.png,cell_26.png,Normal,0
E:\DL-Projects\EL-DSLR-Benchmarking\Cells-labelled\Normal\cell_107.png,cell_107.png,Normal,0
E:\DL-Projects\EL-DSLR-Benchmarking\Cells-labelled\Normal\cell_144.png,cell_144.png,Normal,0
E:\DL-Projects\EL-DSLR-Benchmarking\Cells-labelled\Defective\cell_89.png,cell_89.png,Defective,1
E:\DL-Projects\EL-DSLR-Benchmarking\Cells-labelled\Normal\cell_58.png,cell_58.png,Normal,0
E:\DL-Projects\EL-DSLR-Benchmarking\Cells-labelled\Normal\cell_43.png,cell_43.png,Normal,0
E:\DL-Projects\EL-DSLR-Benchmarking\Cells-labelled\Normal\cell_9.png,cell_9.png,Normal,0
E:\DL-Projects\EL-DSLR-Benchmarking\Cells-labelled\Defective\cell_96.png,cell_96.png,Defective,1
E:\DL-Projects\EL-DSLR-Benchmarking\Cells-labelled\Normal\cell_30.png,cell_30.png,Normal,0
E:\DL-Projects\EL-DSLR-Benchmarking\Cells-labelled\Defective\cell_46.png,cell_46.png,Defective,1
E:\DL-Projects\EL-DSLR-Benchmarking\Cells-labelled\Normal\cell_121.png,cell_121.png,Normal,0
E:\DL-Projects\EL-DSLR-Benchmarking\Cells-labelled\Normal\cell_28.png,cell_28.png,Normal,0
E:\DL-Projects\EL-DSLR-Benchmarking\Cells-labelled\Normal\cell_76.png,cell_76.png,Normal,0
E:\DL-Projects\EL-DSLR-Benchmarking\Cells-labelled\Defective\cell_65.png,cell_65.png,Defective,1
E:\DL-Projects\EL-DSLR-Benchmarking\Cells-labelled\Normal\cell_118.png,cell_118.png,Normal,0
E:\DL-Projects\EL-DSLR-Benchmarking\Cells-labelled\Normal\cell_75.png,cell_75.png,Normal,0
E:\DL-Projects\EL-DSLR-Benchmarking\Cells-labelled\Normal\cell_117.png,cell_117.png,Normal,0
E:\DL-Projects\EL-DSLR-Benchmarking\Cells-labelled\Normal\cell_108.png,cell_108.png,Normal,0
E:\DL-Projects\EL-DSLR-Benchmarking\Cells-labelled\Normal\cell_8.png,cell_8.png,Normal,0
E:\DL-Projects\EL-DSLR-Benchmarking\Cells-labelled\Normal\cell_99.png,cell_99.png,Normal,0
E:\DL-Projects\EL-DSLR-Benchmarking\Cells-labelled\Normal\cell_124.png,cell_124.png,Normal,0
E:\DL-Projects\EL-DSLR-Benchmarking\Cells-labelled\Normal\cell_40.png,cell_40.png,Normal,0
E:\DL-Projects\EL-DSLR-Benchmarking\Cells-labelled\Normal\cell_73.png,cell_73.png,Normal,0
E:\DL-Projects\EL-DSLR-Benchmarking\Cells-labelled\Normal\cell_18.png,cell_18.png,Normal,0
E:\DL-Projects\EL-DSLR-Benchmarking\Cells-labelled\Normal\cell_15.png,cell_15.png,Normal,0
E:\DL-Projects\EL-DSLR-Benchmarking\Cells-labelled\Normal\cell_3.png,cell_3.png,Normal,0
E:\DL-Projects\EL-DSLR-Benchmarking\Cells-labelled\Normal\cell_10.png,cell_10.png,Normal,0
E:\DL-Projects\EL-DSLR-Benchmarking\Cells-labelled\Normal\cell_127.png,cell_127.png,Normal,0
E:\DL-Projects\EL-DSLR-Benchmarking\Cells-labelled\Normal\cell_61.png,cell_61.png,Normal,0
E:\DL-Projects\EL-DSLR-Benchmarking\Cells-labelled\Normal\cell_7.png,cell_7.png,Normal,0
E:\DL-Projects\EL-DSLR-Benchmarking\Cells-labelled\Normal\cell_66.png,cell_66.png,Normal,0
E:\DL-Projects\EL-DSLR-Benchmarking\Cells-labelled\Normal\cell_112.png,cell_112.png,Normal,0
E:\DL-Projects\EL-DSLR-Benchmarking\Cells-labelled\Normal\cell_130.png,cell_130.png,Normal,0
E:\DL-Projects\EL-DSLR-Benchmarking\Cells-labelled\Normal\cell_35.png,cell_35.png,Normal,0
E:\DL-Projects\EL-DSLR-Benchmarking\Cells-labelled\Normal\cell_42.png,cell_42.png,Normal,0
E:\DL-Projects\EL-DSLR-Benchmarking\Cells-labelled\Normal\cell_141.png,cell_141.png,Normal,0
E:\DL-Projects\EL-DSLR-Benchmarking\Cells-labelled\Defective\cell_51.png,cell_51.png,Defective,1
E:\DL-Projects\EL-DSLR-Benchmarking\Cells-labelled\Normal\cell_70.png,cell_70.png,Normal,0
E:\DL-Projects\EL-DSLR-Benchmarking\Cells-labelled\Normal\cell_47.png,cell_47.png,Normal,0
E:\DL-Projects\EL-DSLR-Benchmarking\Cells-labelled\Normal\cell_115.png,cell_115.png,Normal,0
E:\DL-Projects\EL-DSLR-Benchmarking\Cells-labelled\Normal\cell_67.png,cell_67.png,Normal,0
E:\DL-Projects\EL-DSLR-Benchmarking\Cells-labelled\Normal\cell_34.png,cell_34.png,Normal,0
E:\DL-Projects\EL-DSLR-Benchmarking\Cells-labelled\Normal\cell_143.png,cell_143.png,Normal,0
E:\DL-Projects\EL-DSLR-Benchmarking\Cells-labelled\Normal\cell_48.png,cell_48.png,Normal,0
E:\DL-Projects\EL-DSLR-Benchmarking\Cells-labelled\Defective\cell_16.png,cell_16.png,Defective,1
E:\DL-Projects\EL-DSLR-Benchmarking\Cells-labelled\Normal\cell_122.png,cell_122.png,Normal,0
E:\DL-Projects\EL-DSLR-Benchmarking\Cells-labelled\Normal\cell_81.png,cell_81.png,Normal,0
E:\DL-Projects\EL-DSLR-Benchmarking\Cells-labelled\Normal\cell_39.png,cell_39.png,Normal,0
E:\DL-Projects\EL-DSLR-Benchmarking\Cells-labelled\Normal\cell_140.png,cell_140.png,Normal,0
E:\DL-Projects\EL-DSLR-Benchmarking\Cells-labelled\Normal\cell_134.png,cell_134.png,Normal,0
E:\DL-Projects\EL-DSLR-Benchmarking\Cells-labelled\Normal\cell_19.png,cell_19.png,Normal,0
E:\DL-Projects\EL-DSLR-Benchmarking\Cells-labelled\Normal\cell_55.png,cell_55.png,Normal,0
E:\DL-Projects\EL-DSLR-Benchmarking\Cells-labelled\Normal\cell_138.png,cell_138.png,Normal,0
